{
  "epoch": [
    1,
    2,
    3,
    4,
    5,
    6,
    7,
    8,
    9,
    10,
    11,
    12,
    13,
    14,
    15,
    16,
    17,
    18,
    19,
    20,
    21,
    22,
    23,
    24,
    25,
    26,
    27,
    28
  ],
  "train_loss": [
    3.785315186389138,
    3.5703598786051853,
    3.465726457785522,
    3.3332400033771266,
    3.1566987174300114,
    3.0549018015888563,
    2.998157933035203,
    2.923426120469205,
    2.885802370234608,
    2.8593662044606414,
    2.816492115193886,
    2.786289875604246,
    2.7715662339777944,
    2.752789937057221,
    2.7237827361313243,
    2.7155317333515585,
    2.710563352652635,
    2.705375387531416,
    2.6743305540752864,
    2.6667228279475936,
    2.6465979144434364,
    2.658108152061808,
    2.6418074869758983,
    2.6182323668143037,
    2.6165989933431293,
    2.6441415353023965,
    2.640860182358129,
    2.6241394571094747
  ],
  "val_loss": [
    3.9377783058161797,
    3.7698694608007073,
    3.635965255511388,
    3.4264489646902208,
    3.143178971000544,
    2.93793154718845,
    2.830262118544864,
    2.706205575426444,
    2.6226042931937346,
    2.5877340185576054,
    2.520229233112841,
    2.530560804398835,
    2.4429744706339194,
    2.4456929239794327,
    2.409365151562417,
    2.361180914249926,
    2.3642680296406637,
    2.3535888164150798,
    2.3473232935270656,
    2.353729681642169,
    2.349148173452821,
    2.323602611822967,
    2.3094294803661746,
    2.2933622374349283,
    2.299908464738868,
    2.3136586404596855,
    2.2776303114823393,
    2.279253801102259
  ],
  "train_acc": [
    0.05499594766701401,
    0.16061526900223255,
    0.20898460113465323,
    0.22622662378976355,
    0.28517465372734824,
    0.3890239666550886,
    0.3355480155044843,
    0.3636704676179633,
    0.4821118443904133,
    0.3895877387769325,
    0.4032837518799023,
    0.5181197174945004,
    0.4184753130010511,
    0.4243486771069681,
    0.5615375709158272,
    0.4374311063693017,
    0.4417270177706487,
    0.5853884450619428,
    0.4518517437191326,
    0.45882921640880797,
    0.5872409401412527,
    0.4561363634228151,
    0.4652789634975357,
    0.6076183860136621,
    0.47276827427681767,
    0.45908564653403994,
    0.610512909575084,
    0.6123654046543939
  ],
  "val_acc": [
    0.0499691548426897,
    0.16779765576804442,
    0.215916101172116,
    0.28315854410857494,
    0.33559531153608885,
    0.38618136952498455,
    0.40900678593460826,
    0.4472547809993831,
    0.46576187538556446,
    0.4756323257248612,
    0.4972239358420728,
    0.4922887106724244,
    0.5200493522516965,
    0.512646514497224,
    0.5286859962985812,
    0.5416409623689081,
    0.540407156076496,
    0.5453423812461443,
    0.5453423812461443,
    0.5484268969771746,
    0.541024059222702,
    0.5515114127082048,
    0.5552128315854411,
    0.5570635410240592,
    0.5607649599012955,
    0.553979025293029,
    0.5650832819247378,
    0.5650832819247378
  ]
}