{
  "epoch": [
    1,
    2,
    3,
    4,
    5,
    6,
    7,
    8,
    9,
    10,
    11,
    12,
    13,
    14,
    15,
    16,
    17,
    18,
    19,
    20,
    21,
    22,
    23,
    24,
    25,
    26,
    27,
    28
  ],
  "train_loss": [
    3.7644771755024613,
    3.593922221082303,
    3.518694343729208,
    3.3668260460058903,
    3.1422140484291243,
    3.01403255325729,
    2.9196755105151446,
    2.8457047966904865,
    2.78912178230904,
    2.759218963108723,
    2.733504070898332,
    2.702009677252063,
    2.657705143975676,
    2.626087512933533,
    2.60921252614386,
    2.6178717320062255,
    2.6081497168477465,
    2.587651838041144,
    2.5583848930887565,
    2.5423421657125447,
    2.5468220273777886,
    2.53817253986746,
    2.511571144386893,
    2.526505165744935,
    2.504832381076996,
    2.530744550127915,
    2.5242532407214715,
    2.447361092000451
  ],
  "val_loss": [
    3.8560872013226177,
    3.671607507297391,
    3.5657162984016133,
    3.3000224223481074,
    3.02057784152281,
    2.832282747183958,
    2.661105201981231,
    2.5516536063724353,
    2.48461998928336,
    2.4399212134759565,
    2.3706686204043086,
    2.3507728788457043,
    2.3058704338567924,
    2.3095813360867274,
    2.2673840600719135,
    2.2489292936366256,
    2.2523125741747996,
    2.2269228732858006,
    2.216293249506777,
    2.209071150685004,
    2.215215639741534,
    2.1944135570879117,
    2.2076724183037277,
    2.2047097316720765,
    2.1891380603632613,
    2.181797909192433,
    2.1876595042356364,
    2.173865152832022
  ],
  "train_acc": [
    0.11925437073057775,
    0.15079879900645696,
    0.1932383929605187,
    0.2091111439096001,
    0.29698673746127213,
    0.4076646983906449,
    0.3716525175340139,
    0.400026801431776,
    0.5371077920574273,
    0.4330830803358576,
    0.4446676638252263,
    0.583420169040176,
    0.46480972293642087,
    0.4798059622597477,
    0.6262591177492185,
    0.4817309455148749,
    0.4830303329697868,
    0.642931573463008,
    0.4972295193506996,
    0.5046969110379833,
    0.6563621627880051,
    0.5062898790781603,
    0.5112055470251582,
    0.6643510478175292,
    0.5222261784746087,
    0.5123331359007598,
    0.6740766469839065,
    0.6738450850989927
  ],
  "val_acc": [
    0.12646514497223935,
    0.17643429981492906,
    0.20851326341764342,
    0.25601480567550894,
    0.35101789019123997,
    0.39666872301048733,
    0.45465761875385563,
    0.48982109808760027,
    0.512646514497224,
    0.527452190006169,
    0.5508945095619988,
    0.5502776064157927,
    0.5681677976557681,
    0.5638494756323257,
    0.5768044417026527,
    0.5860579888957433,
    0.580505860579889,
    0.5842072794571253,
    0.5885256014805675,
    0.5922270203578038,
    0.5916101172115977,
    0.5965453423812461,
    0.594694632942628,
    0.595311536088834,
    0.5996298581122764,
    0.6014805675508945,
    0.6008636644046884,
    0.6020974706971005
  ]
}