{
  "epoch": [
    1,
    2,
    3,
    4,
    5,
    6,
    7,
    8,
    9,
    10,
    11,
    12
  ],
  "train_loss": [
    2.773656914600471,
    2.3179871616670487,
    2.1876959681193475,
    2.0933455869916053,
    1.9823775673210724,
    1.9389352089306733,
    1.8658579571097762,
    1.8174424699104479,
    1.7501657019338357,
    1.744664526432908,
    1.6618593868536295,
    1.6427579772987202
  ],
  "val_loss": [
    2.415003454295446,
    1.9850916849250488,
    1.8681822610004386,
    1.8146812909918755,
    1.7595028384536375,
    1.7388900637553106,
    1.726770363642359,
    1.7351366601410947,
    1.7388729632893585,
    1.7572659337910363,
    1.758119394351199,
    1.7650409704516656
  ],
  "train_acc": [
    0.5439388676623828,
    0.5017127104466585,
    0.6880861410211879,
    0.5642115918896775,
    0.5940807168583386,
    0.7856894755123307,
    0.6348250781194245,
    0.6498278567946251,
    0.8492532129211532,
    0.6714313486436602,
    0.6988813106814733,
    0.8835243718883872
  ],
  "val_acc": [
    0.500308451573103,
    0.5768044417026527,
    0.6033312769895126,
    0.6181369524984578,
    0.6421961752004935,
    0.6403454657618753,
    0.6471314003701419,
    0.6434299814929056,
    0.6434299814929056,
    0.6434299814929056,
    0.6384947563232573,
    0.6391116594694632
  ]
}