{
  "epoch": [
    1,
    2,
    3,
    4,
    5,
    6,
    7,
    8,
    9
  ],
  "train_loss": [
    2.1766793727874756,
    2.2955501079559326,
    2.3288004398345947,
    1.929176688194275,
    1.5709856748580933,
    1.743551254272461,
    1.475888967514038,
    1.2531791925430298,
    1.160036325454712
  ],
  "val_loss": [
    2.131479501724243,
    2.1314451694488525,
    2.1310601234436035,
    2.1303112506866455,
    2.1292436122894287,
    2.127894163131714,
    2.126283645629883,
    2.1244380474090576,
    2.122382640838623
  ],
  "train_acc": [
    0.0,
    0.0,
    0.0,
    0.0,
    0.0,
    0.0,
    0.0,
    0.0,
    0.0
  ],
  "val_acc": [
    0.0,
    0.0,
    0.0,
    0.0,
    0.0,
    0.0,
    0.0,
    0.0,
    0.0
  ]
}