{
  "epoch": [
    1,
    2,
    3,
    4,
    5,
    6,
    7,
    8
  ],
  "train_loss": [
    2.122955799102783,
    2.1800389289855957,
    2.005760908126831,
    2.0211169719696045,
    1.972206711769104,
    1.8455890417099,
    1.7802735567092896,
    1.7731244564056396
  ],
  "val_loss": [
    2.155015707015991,
    2.1430020332336426,
    2.1266844272613525,
    2.1073174476623535,
    2.0806150436401367,
    2.048257350921631,
    2.0176494121551514,
    1.9828897714614868
  ],
  "train_acc": [
    0.09489614410059792,
    0.0,
    0.20247868980680192,
    0.1428558656147548,
    0.30468858991350445,
    0.4285714268448923,
    0.49736616015434265,
    0.5352572096245629
  ],
  "val_acc": [
    0.0,
    0.0,
    0.0,
    0.0,
    0.0,
    0.125,
    0.125,
    0.125
  ]
}