{
  "epoch": [
    1,
    2,
    3,
    4,
    5,
    6,
    7,
    8,
    9,
    10
  ],
  "train_loss": [
    2.1341421604156494,
    2.144253730773926,
    2.091625928878784,
    2.016496181488037,
    1.9469090700149536,
    1.92543363571167,
    1.8443986177444458,
    1.78843092918396,
    1.8838238716125488,
    1.7906508445739746
  ],
  "val_loss": [
    2.1560842990875244,
    2.1592531204223633,
    2.1571738719940186,
    2.156480550765991,
    2.152183771133423,
    2.1520864963531494,
    2.1460518836975098,
    2.1407217979431152,
    2.1399104595184326,
    2.135772705078125
  ],
  "train_acc": [
    0.25,
    0.25,
    0.25,
    0.25,
    0.16666666666666666,
    0.16666666666666666,
    0.16666666666666666,
    0.16666666666666666,
    0.16666666666666666,
    0.16666666666666666
  ],
  "val_acc": [
    0.0,
    0.0,
    0.0,
    0.0,
    0.0,
    0.0,
    0.0,
    0.0,
    0.1,
    0.1
  ]
}