{
  "epoch": [
    1,
    2,
    3,
    4,
    5
  ],
  "train_loss": [
    2.184551239013672,
    2.126894474029541,
    2.067059278488159,
    1.9731128215789795,
    1.8308160305023193
  ],
  "val_loss": [
    2.152597427368164,
    2.1466941833496094,
    2.1215929985046387,
    2.0819995403289795,
    2.036653518676758
  ],
  "train_acc": [
    0.16666666666666666,
    0.25,
    0.25,
    0.4166666666666667,
    0.5
  ],
  "val_acc": [
    0.1,
    0.0,
    0.0,
    0.1,
    0.1
  ]
}