model,accuracy,macro_f1,num_samples
resnet50,0.2,0.13333333333333333,10.0
efficientnet_b0,0.3,0.19583333333333333,10.0
vit_b_16,0.2,0.13333333333333333,10.0
