{
  "epoch": [
    1,
    2
  ],
  "train_loss": [
    2.071190357208252,
    2.0457324981689453
  ],
  "val_loss": [
    2.052722930908203,
    2.0426712036132812
  ],
  "train_acc": [
    0.15997768832104547,
    0.07143083640507289
  ],
  "val_acc": [
    0.0,
    0.125
  ]
}