{
  "epoch": [
    1,
    2,
    3,
    4,
    5
  ],
  "train_loss": [
    2.082932710647583,
    2.044779062271118,
    2.0283026695251465,
    1.8478354215621948,
    1.8541353940963745
  ],
  "val_loss": [
    2.059633255004883,
    2.054349422454834,
    2.0179197788238525,
    1.9751055240631104,
    1.9382998943328857
  ],
  "train_acc": [
    0.08333333333333333,
    0.08333333333333333,
    0.25,
    0.5,
    0.5
  ],
  "val_acc": [
    0.0,
    0.0,
    0.2,
    0.4,
    0.2
  ]
}