{
  "epoch": [
    1,
    2,
    3,
    4,
    5,
    6,
    7,
    8,
    9,
    10
  ],
  "train_loss": [
    2.1156258583068848,
    2.059980869293213,
    2.020164728164673,
    1.9097386598587036,
    1.9827470779418945,
    1.7921611070632935,
    1.8399584293365479,
    1.6999523639678955,
    1.6699016094207764,
    1.5619786977767944
  ],
  "val_loss": [
    2.053769111633301,
    2.0519027709960938,
    2.047403335571289,
    2.048065662384033,
    2.0426502227783203,
    2.0443549156188965,
    2.045761823654175,
    2.047745943069458,
    2.0511457920074463,
    2.0541675090789795
  ],
  "train_acc": [
    0.16666666666666666,
    0.16666666666666666,
    0.16666666666666666,
    0.16666666666666666,
    0.16666666666666666,
    0.16666666666666666,
    0.16666666666666666,
    0.08333333333333333,
    0.08333333333333333,
    0.08333333333333333
  ],
  "val_acc": [
    0.1,
    0.2,
    0.2,
    0.2,
    0.1,
    0.1,
    0.1,
    0.1,
    0.2,
    0.3
  ]
}