{
  "epoch": [
    1,
    2,
    3,
    4,
    5,
    6,
    7,
    8
  ],
  "train_loss": [
    2.227705240249634,
    1.5591593980789185,
    1.283144235610962,
    1.1896547079086304,
    1.1341034173965454,
    1.242372751235962,
    1.0806773900985718,
    1.184709072113037
  ],
  "val_loss": [
    1.9466522932052612,
    1.9728448390960693,
    2.099562168121338,
    2.214456081390381,
    2.3147833347320557,
    2.393324613571167,
    2.3321597576141357,
    2.256765127182007
  ],
  "train_acc": [
    0.004124075174331665,
    0.49991805125838645,
    0.49563585886997835,
    0.5524572048868451,
    0.49376403433935984,
    0.4773647311542715,
    0.42854249477386475,
    0.5532248531069074
  ],
  "val_acc": [
    0.25,
    0.375,
    0.375,
    0.25,
    0.25,
    0.375,
    0.25,
    0.25
  ]
}