{
  "epoch": [
    1,
    2,
    3,
    4,
    5
  ],
  "train_loss": [
    2.219085931777954,
    2.172015428543091,
    2.1556646823883057,
    1.5477790832519531,
    1.1580421924591064
  ],
  "val_loss": [
    2.1211633682250977,
    2.0980727672576904,
    1.7964200973510742,
    1.7503957748413086,
    1.8613717555999756
  ],
  "train_acc": [
    0.08333333333333333,
    0.08333333333333333,
    0.5833333333333334,
    0.5833333333333334,
    0.5833333333333334
  ],
  "val_acc": [
    0.1,
    0.0,
    0.3,
    0.3,
    0.4
  ]
}